Workbook
Name Slicer_Team: #N/A

Sheet KPI Summary
L2: Ocean | S2: Data | Z2: Cap | AG2: Phoenix | AN2: Custom
A3: Category of Metric | B3: KPI Metric | C3: YTD | D3: Jul_2025 | E3: Aug_2025 | F3: Sep_2025 | G3: Oct_2025 | H3: Nov_2025 | I3: Dec_2025 | J3: Remarks | L3: Jul_2025 | M3: Aug_2025 | N3: Sep_2025 | O3: Oct_2025 | P3: Nov_2025 | Q3: Dec_2025 | S3: Jul_2025 | T3: Aug_2025 | U3: Sep_2025 | V3: Oct_2025 | W3: Nov_2025 | X3: Dec_2025 | Z3: Jul_2025 | AA3: Aug_2025 | AB3: Sep_2025 | AC3: Oct_2025 | AD3: Nov_2025 | AE3: Dec_2025 | AG3: Jul_2025 | AH3: Aug_2025 | AI3: Sep_2025 | AJ3: Oct_2025 | AK3: Nov_2025 | AL3: Dec_2025 | AN3: Jul_2025 | AO3: Aug_2025 | AP3: Sep_2025 | AQ3: Oct_2025 | AR3: Nov_2025 | AS3: Dec_2025
A4: Project Delivery Commitment | B4: Schedule Adherence | C4: =AVERAGE(D4:I4) -> 98.116593 | D4: =AVERAGE(L4,S4,Z4,AG4,AN4) -> 96.494 | E4: =AVERAGE(M4,T4,AA4,AH4,AO4) -> 99.166667 | F4: =AVERAGE(N4,U4,AB4,AI4,AP4) -> 96.838889 | G4: =AVERAGE(O4,V4,AC4,AJ4,AQ4) -> 98.2 | H4: =AVERAGE(P4,W4,AD4,AK4,AR4) -> 98.25 | I4: =AVERAGE(Q4,X4,AE4,AL4,AS4) -> 99.75 | L4: =Ocean!J3 -> 89.47 | M4: =Ocean!L3 -> 100 | N4: =Ocean!N3 -> 93.75 | O4: =Ocean!P3 -> 100 | P4: =Ocean!R3 -> 100 | Q4: =Ocean!T3 -> 100 | S4: =Data!D10 -> 100 | T4: =Data!D11 -> 95.833333 | U4: =Data!D12 -> 94.444444 | V4: =Data!D21 -> 92 | Z4: =Cap!K3 -> 98 | AA4: =Cap!M3 -> 100 | AB4: =Cap!O3 -> 99 | AC4: =Cap!Q3 -> 99 | AD4: =Cap!S3 -> 96 | AE4: =Cap!U3 -> 99 | AG4: =Phoenix!K3 -> 100 | AH4: =Phoenix!M3 -> 100 | AI4: =Phoenix!O3 -> 100 | AJ4: =Phoenix!Q3 -> 100 | AK4: =Phoenix!S3 -> 100 | AL4: =Phoenix!U3 -> 100 | AN4: =Custom!E4 -> 95 | AO4: =Custom!G4 -> 100 | AP4: =Custom!I4 -> 97 | AQ4: =Custom!K4 -> 100 | AR4: =Custom!M4 -> 97 | AS4: =Custom!O4 -> 100
B5: Effort Adherence | C5: =AVERAGE(D5:I5) -> 96.117732 | D5: =AVERAGE(L5,S5,Z5,AG5,AN5) -> 93.441059 | E5: =AVERAGE(M5,T5,AA5,AH5,AO5) -> 96.733333 | F5: =AVERAGE(N5,U5,AB5,AI5,AP5) -> 93.25 | G5: =AVERAGE(O5,V5,AC5,AJ5,AQ5) -> 97.532 | H5: =AVERAGE(P5,W5,AD5,AK5,AR5) -> 97.5 | I5: =AVERAGE(Q5,X5,AE5,AL5,AS5) -> 98.25 | L5: =Ocean!J4 -> 89.47 | M5: =Ocean!L4 -> 100 | N5: =Ocean!N4 -> 81.25 | O5: =Ocean!P4 -> 100 | P5: =Ocean!R4 -> 100 | Q5: =Ocean!T4 -> 100 | S5: =Data!E10 -> 88.235294 | T5: =Data!E11 -> 91.666667 | U5: =Data!E12 -> 100 | V5: =Data!E21 -> 91.66 | Z5: =Cap!K4 -> 99 | AA5: =Cap!M4 -> 98 | AB5: =Cap!O4 -> 99 | AC5: =Cap!Q4 -> 100 | AD5: =Cap!S4 -> 100 | AE5: =Cap!U4 -> 97 | AG5: =Phoenix!K4 -> 93 | AH5: =Phoenix!M4 -> 94 | AI5: =Phoenix!O4 -> 89 | AJ5: =Phoenix!Q4 -> 96 | AK5: =Phoenix!S4 -> 93 | AL5: =Phoenix!U4 -> 96 | AN5: =Custom!E7 -> 97.5 | AO5: =Custom!G7 -> 100 | AP5: =Custom!I7 -> 97 | AQ5: =Custom!K7 -> 100 | AR5: =Custom!M7 -> 97 | AS5: =Custom!O7 -> 100
B6: First Time Right Metric | C6: =AVERAGE(D6:I6) -> 98.7725 | D6: =AVERAGE(L6,S6,Z6,AG6,AN6) -> 98.3 | E6: =AVERAGE(M6,T6,AA6,AH6,AO6) -> 99.66 | F6: =AVERAGE(N6,U6,AB6,AI6,AP6) -> 97.525 | G6: =AVERAGE(O6,V6,AC6,AJ6,AQ6) -> 99.4 | H6: =AVERAGE(P6,W6,AD6,AK6,AR6) -> 98.5 | I6: =AVERAGE(Q6,X6,AE6,AL6,AS6) -> 99.25 | L6: =Ocean!J5 -> 100 | M6: =Ocean!L5 -> 100 | N6: =Ocean!N5 -> 90.625 | O6: =Ocean!P5 -> 97 | P6: =Ocean!R5 -> 100 | Q6: =Ocean!T5 -> 100 | S6: =Data!F10 -> 100 | T6: =Data!F11 -> 100 | U6: =Data!F12 -> 100 | V6: =Data!F21 -> 100 | Z6: =Cap!K5 -> 99 | AA6: =Cap!M5 -> 100 | AB6: =Cap!O5 -> 100 | AC6: =Cap!Q5 -> 100 | AD6: =Cap!S5 -> 100 | AE6: =Cap!U5 -> 100 | AG6: =Phoenix!K5 -> 100 | AH6: =Phoenix!M5 -> 100 | AI6: =Phoenix!O5 -> 100 | AJ6: =Phoenix!Q5 -> 100 | AK6: =Phoenix!S5 -> 100 | AL6: =Phoenix!U5 -> 100 | AN6: =Custom!E8 -> 92.5 | AO6: =Custom!G8 -> 98.3 | AP6: =Custom!I8 -> 97 | AQ6: =Custom!K8 -> 100 | AR6: =Custom!M8 -> 94 | AS6: =Custom!O8 -> 97
A7: Development Efficiency | B7: Sprint Velocity | C7: =AVERAGE(D7:I7) -> 98.166667 | D7: =AVERAGE(L7,S7,Z7,AG7,AN7) -> 92 | E7: =AVERAGE(M7,T7,AA7,AH7,AO7) -> 104 | F7: =AVERAGE(N7,U7,AB7,AI7,AP7) -> 101.5 | G7: =AVERAGE(O7,V7,AC7,AJ7,AQ7) -> 96.5 | H7: =AVERAGE(P7,W7,AD7,AK7,AR7) -> 100.5 | I7: =AVERAGE(Q7,X7,AE7,AL7,AS7) -> 94.5 | Z7: =Cap!K6 -> 89 | AA7: =Cap!M6 -> 75 | AB7: =Cap!O6 -> 88 | AC7: =Cap!Q6 -> 88 | AD7: =Cap!S6 -> 89 | AE7: =Cap!U6 -> 76 | AG7: =Phoenix!K6 -> 95 | AH7: =Phoenix!M6 -> 133 | AI7: =Phoenix!O6 -> 115 | AJ7: =Phoenix!Q6 -> 105 | AK7: =Phoenix!S6 -> 112 | AL7: =Phoenix!U6 -> 113
B8: Code Review Coverage | C8: =AVERAGE(D8:I8) -> 98.833333 | D8: =AVERAGE(L8,S8,Z8,AG8,AN8) -> 100 | E8: =AVERAGE(M8,T8,AA8,AH8,AO8) -> 96 | F8: =AVERAGE(N8,U8,AB8,AI8,AP8) -> 100 | G8: =AVERAGE(O8,V8,AC8,AJ8,AQ8) -> 98.5 | H8: =AVERAGE(P8,W8,AD8,AK8,AR8) -> 98.5 | I8: =AVERAGE(Q8,X8,AE8,AL8,AS8) -> 100 | Z8: =Cap!K7 -> 100 | AA8: =Cap!M7 -> 92 | AB8: =Cap!O7 -> 100 | AC8: =Cap!Q7 -> 97 | AD8: =Cap!S7 -> 97 | AE8: =Cap!U7 -> 100 | AG8: =Phoenix!K7 -> 100 | AH8: =Phoenix!M7 -> 100 | AI8: =Phoenix!O7 -> 100 | AJ8: =Phoenix!Q7 -> 100 | AK8: =Phoenix!S7 -> 100 | AL8: =Phoenix!U7 -> 100
B9: Effort Throughput (Estimated Effort of Stories Delivered to PQA) | C9: =AVERAGE(D9:I9) -> 411.83333 | D9: =Ocean!J6 -> 740 | E9: =Ocean!L6 -> 421 | F9: =Ocean!N6 -> 533 | G9: =Ocean!P6 -> 110 | H9: =Ocean!R6 -> 554 | I9: =Ocean!T6 -> 113 | J9: KPI available for Ocean Team alone
B10: Code Review Compliance (Tracks the number of merge commits submitted by developers versus those reviewed and approved) | C10: =AVERAGE(D10:I10) -> 100 | D10: =Ocean!J7 -> 100 | E10: =Ocean!L7 -> 100 | F10: =Ocean!N7 -> 100 | G10: =Ocean!P7 -> 100 | H10: =Ocean!R7 -> 100 | I10: =Ocean!T7 -> 100 | J10: KPI available for Ocean Team alone
A11: Speed of Development | B11: Cycle time to Completion (Measures time from development start to completion) | C11: =AVERAGE(D11:I11) -> 81.9 | D11: =Ocean!J9 -> 53.8 | E11: =Ocean!L9 -> 51.5 | F11: =Ocean!N9 -> 104.3 | G11: =Ocean!P9 -> 104.3 | H11: =Ocean!R9 -> 138 | I11: =Ocean!T9 -> 39.5 | J11: KPI available for Ocean Team alone
A12: Quality of Work | B12: Defects per Epic / Story (Number of defects per epic or story) | C12: =AVERAGE(D12:I12) -> 0.16527778 | D12: =Ocean!J12 -> 0 | E12: =Ocean!L12 -> 0.125 | F12: =Ocean!N12 -> 0.16666667 | G12: =Ocean!P12 -> 0.3 | H12: =Ocean!R12 -> 0.4 | I12: =Ocean!T12 -> 0 | J12: KPI available for Ocean Team alone
B13: Customer Satisfaction Score | C13: =SUM(D13:I13) -> 4.1266667 | D13: =IFERROR(AVERAGE(L13,S13,Z13,AG13,AN13),0) -> 0 | E13: =IFERROR(AVERAGE(M13,T13,AA13,AH13,AO13),0) -> 0 | F13: =IFERROR(AVERAGE(N13,U13,AB13,AI13,AP13),0) -> 0 | G13: =IFERROR(AVERAGE(O13,V13,AC13,AJ13,AQ13),0) -> 0 | H13: =IFERROR(AVERAGE(P13,W13,AD13,AK13,AR13),0) -> 4.1266667 | I13: =IFERROR(AVERAGE(Q13,X13,AE13,AL13,AS13),0) -> 0 | L13: =Ocean!J13 -> N/A | M13: =Ocean!L13 -> N/A | N13: =Ocean!N13 -> N/A | O13: =Ocean!P13 -> N/A | P13: =Ocean!R13 -> 3.75 | Q13: =Ocean!T13 -> N/A | AD13: =Cap!S13 -> 4.63 | AK13: =Phoenix!S13 -> 4 | AL13: =Phoenix!T13 -> 0
A14: Utilization Efficiency | B14: Resource Utilization | C14: =AVERAGE(D14:I14) -> 69.68375 | D14: =IFERROR(AVERAGE(L14,S14,Z14,AG14,AN14),0) -> 76.4975 | E14: =IFERROR(AVERAGE(M14,T14,AA14,AH14,AO14),0) -> 65.0225 | F14: =IFERROR(AVERAGE(N14,U14,AB14,AI14,AP14),0) -> 69.555 | G14: =IFERROR(AVERAGE(O14,V14,AC14,AJ14,AQ14),0) -> 61.5 | H14: =IFERROR(AVERAGE(P14,W14,AD14,AK14,AR14),0) -> 74.295 | I14: =IFERROR(AVERAGE(Q14,X14,AE14,AL14,AS14),0) -> 71.2325 | L14: =Ocean!J14 -> 68.7 | M14: =Ocean!L14 -> 69.79 | N14: =Ocean!N14 -> 82.85 | O14: =Ocean!P14 -> 74.77 | P14: =Ocean!R14 -> 90.11 | Q14: =Ocean!T14 -> 82.52 | Z14: =Cap!K14 -> 90.85 | AA14: =Cap!M14 -> 83.09 | AB14: =Cap!O14 -> 85.87 | AC14: =Cap!Q14 -> 73.27 | AD14: =Cap!S14 -> 83.32 | AE14: =Cap!U14 -> 73.47 | AG14: =Phoenix!K14 -> 87 | AH14: =Phoenix!M14 -> 77 | AI14: =Phoenix!O14 -> 72 | AJ14: =Phoenix!Q14 -> 61 | AK14: =Phoenix!S14 -> 80 | AL14: =Phoenix!U14 -> 72 | AN14: =Custom!E9 -> 59.44 | AO14: =Custom!G9 -> 30.21 | AP14: =Custom!I9 -> 37.5 | AQ14: =Custom!K9 -> 36.96 | AR14: =Custom!M9 -> 43.75 | AS14: =Custom!O9 -> 56.94
B15: Attrition in the team | C15: =SUM(D15:I15) -> 7 | D15: =SUM(L15,S15,Z15,AG15,AN15,) -> 0 | E15: =SUM(M15,T15,AA15,AH15,AO15,) -> 1 | F15: =SUM(N15,U15,AB15,AI15,AP15,) -> 5 | G15: =SUM(O15,V15,AC15,AJ15,AQ15,) -> 1 | H15: =SUM(P15,W15,AD15,AK15,AR15,) -> 0 | I15: =SUM(Q15,X15,AE15,AL15,AS15,) -> 0 | L15: =Ocean!J15 -> 0 | M15: =Ocean!L15 -> 1 | N15: =Ocean!N15 -> 1 | O15: =Ocean!P15 -> 0 | P15: =Ocean!R15 -> 0 | Q15: =Ocean!T15 -> 0 | V15: 1 | Z15: =Cap!K15 -> 0 | AA15: =Cap!M15 -> 0 | AB15: =Cap!O15 -> 4 | AC15: =Cap!Q15 -> 0 | AD15: =Cap!S15 -> 0 | AE15: =Cap!U15 -> 0 | AG15: =Phoenix!K15 -> 0 | AH15: =Phoenix!M15 -> 0 | AI15: =Phoenix!O15 -> 0 | AJ15: =Phoenix!Q15 -> 0 | AK15: =Phoenix!S15 -> 0 | AL15: =Phoenix!U15 -> 0
A16: Innovation / Team Proactiveness | B16: New ideas generated to improve the Product | C16: =SUM(D16:I16) -> 11 | D16: =SUM(L16,S16,Z16,AG16,AN16) -> 6 | E16: =SUM(M16,T16,AA16,AH16,AO16) -> 3 | F16: =SUM(N16,U16,AB16,AI16,AP16) -> 2 | G16: =SUM(O16,V16,AC16,AJ16,AQ16) -> 0 | H16: =SUM(P16,W16,AD16,AK16,AR16) -> 0 | I16: =SUM(Q16,X16,AE16,AL16,AS16) -> 0 | J16: This KPI available for Phoneix & CAPTeam alone | L16: =Ocean!J16 -> 3 | M16: =Ocean!L16 -> 0 | N16: =Ocean!N16 -> 0 | O16: =Ocean!P16 -> 0 | P16: =Ocean!R16 -> 0 | Q16: =Ocean!T16 -> 0 | Z16: =Cap!K16 -> 0 | AA16: =Cap!M16 -> 0 | AB16: =Cap!O16 -> 0 | AC16: =Cap!Q16 -> 0 | AD16: =Cap!S16 -> 0 | AE16: =Cap!U16 -> 0 | AG16: =Phoenix!K16 -> 3 | AH16: =Phoenix!M16 -> 3 | AI16: =Phoenix!O16 -> 2 | AJ16: =Phoenix!Q16 -> 0 | AK16: =Phoenix!S16 -> 0 | AL16: =Phoenix!U16 -> 0
B17: Acceptance rate of submitted ideas / proposals | C17: =SUM(D17:I17) -> 0 | D17: =SUM(L17,S17,Z17,AG17,AN17) -> 0 | E17: =SUM(M17,T17,AA17,AH17,AO17) -> 0 | F17: =SUM(N17,U17,AB17,AI17,AP17) -> 0 | G17: =SUM(O17,V17,AC17,AJ17,AQ17) -> 0 | H17: =SUM(P17,W17,AD17,AK17,AR17) -> 0 | I17: =SUM(Q17,X17,AE17,AL17,AS17) -> 0 | L17: =Ocean!J17 -> N/A | M17: =Ocean!L17 -> N/A | N17: =Ocean!N17 -> N/A | O17: =Ocean!P17 -> N/A | P17: =Ocean!R17 -> N/A | Q17: =Ocean!T17 -> N/A | Z17: =Cap!K17 -> 0 | AA17: =Cap!M17 -> 0 | AB17: =Cap!O17 -> 0 | AC17: =Cap!Q17 -> 0 | AD17: =Cap!S17 -> 0 | AE17: =Cap!U17 -> 0 | AG17: =Phoenix!K17 -> 0 | AH17: =Phoenix!M17 -> 0 | AI17: =Phoenix!O17 -> 0 | AJ17: =Phoenix!Q17 -> 0 | AK17: =Phoenix!S17 -> 0 | AL17: =Phoenix!U17 -> 0
A18: Stakeholder Feedback | B18: Qualitative Comments / Feedback received during the monthly Retrospective sessions with stakeholders | C18: =AVERAGE(D18:I18) -> 0 | D18: Survey Not Initiated | E18: Survey Not Initiated | F18: Survey Not Initiated | G18: Survey Not Initiated | H18: =IFERROR(AVERAGE(P18,W18,AD18,AK18,AR18),0) -> 0 | I18: =IFERROR(AVERAGE(Q18,X18,AE18,AL18,AS18),0) -> 0 | L18: =Ocean!J18 -> 0 | M18: =Ocean!L18 -> 0 | N18: =Ocean!N18 -> 0 | O18: =Ocean!P18 -> 0 | P18: =Ocean!R18 -> 0 | Q18: =Ocean!T18 -> 0 | Z18: =Cap!K18 -> 0 | AA18: =Cap!M18 -> 0 | AB18: =Cap!O18 -> 0 | AC18: =Cap!Q18 -> 0 | AD18: =Cap!S18 -> 0 | AE18: =Cap!U18 -> 0 | AG18: =Phoenix!K18 -> 0 | AH18: =Phoenix!M18 -> 0 | AI18: =Phoenix!O18 -> 0 | AJ18: =Phoenix!Q18 -> 0 | AK18: =Phoenix!S18 -> 0 | AL18: =Phoenix!U18 -> 0

Sheet SR NOte
D2: Ocean team doesnot have Attriition details

Sheet Ocean-Old
A1: Category | B1: Key Performance Indicator | C1: unit | D1: KPI
D2: 45839 | F2: 45870 | H2: 45901 | J2: 45931 | L2: 45962
D3: Epic Level Details | E3: Performance Result | F3: Epic Level Details | G3: Performance Result | H3: Epic Level Details | I3: Performance Result | J3: Epic Level Details | K3: Performance Result | L3: Epic Level Details | M3: Performance Result
A4: Project Delivery | B4: Schedule Adherence (% of Stories delivered within the committed timeline) | C4: percentage | D4: 19 (Stories delivered to PQA) | E4: 89.47 | F4: 15 (Stories delivered to PQA) | G4: 100 | H4: 16 (Stories delivered to PQA) | I4: 93.75 | J4: 10 (Stories delivered to PQA) | K4: 100 | L4: 8 (Stories delivered to PQA) | M4: 100
B7: Effort Adherence (% of Stories delivered within the originally estimated efforts) | C7: percentage | D7: 19 (Stories delivered to PQA) | E7: 89.47 | F7: 15 (Stories delivered to PQA) | G7: 100 | H7: 16 (Stories delivered to PQA) | I7: 81.25 | J7: 10 (Stories delivered to PQA) | K7: 100 | L7: 8 (Stories delivered to PQA) | M7: 100
B8: First Time Right (% of work delivered with minimal rework) | C8: percentage | D8: 6 (Stories deployed to production) | E8: 100 | F8: 8 (Stories deployed to production) | G8: 100 | H8: 24 (Stories deployed to production) | I8: 90.625 | J8: 13 (Stories deployed to production) | K8: 97 | L8: 15 (Stories deployed to production) | M8: 100
A9: Development Efficiency | B9: Effort Throughput (Estimated Effort of Stories Delivered to PQA) | C9: Hours | D9: 19 (Stories delivered to PQA) | E9: 740 | F9: 15 (Stories delivered to PQA) | G9: 421 | H9: 16 (Stories delivered to PQA) | I9: 533 | J9: 10 (Stories delivered to PQA) | K9: 110 | L9: 8 (Stories delivered to PQA) | M9: 554
B10: Code Review Compliance (Tracks the number of merge commits submitted by developers versus those reviewed and approved) | C10: percentage | D10: 19 (Stories delivered to PQA) | E10: 100 | F10: 15 (Stories delivered to PQA) | G10: 100 | H10: 16 (Stories delivered to PQA) | I10: 100 | J10: 10 (Stories delivered to PQA) | K10: 100 | L10: 8 (Stories delivered to PQA) | M10: 100
A11: Speed of development | B11: Cycle time to Completion (Measures time from development start to completion) | C11: days | D11: 6 (Stories deployed to prod) | E11: 53.8 | F11: 8 (Stories deployed to prod) | G11: 51.5 | H11: 13 (Stories deployed to prod) | I11: 104.3 | J11: 13 (Stories deployed to prod) | K11: 104.3 | L11: 15 (Stories deployed to prod) | M11: 138 | N11: 9 stories belonged to Image Changes were worked from April 10th. The requirement ment for these came in bits and pieces
B12: Cycle time to PQA (Measures time from development start to PQA readiness) | C12: days | D12: 19 (Stories delivered to PQA) | E12: 46.47 | F12: 15 (Stories delivered to PQA) | G12: 10.87 | H12: 15 (Stories delivered to PQA) | I12: 9.2 | J12: 10 (Stories delivered to PQA) | K12: 9.2 | L12: 8 (Stories delivered to PQA) | M12: 22.67
A13: Quality of work | B13: Defects per Epic / Story (Number of defects per epic or story) | C13: bug per Epic | D13: 6 (Stories deployed to prod) | E13: 0 | F13: 9 (Stories deployed to prod) | G13: =1/8 -> 0.125 | H13: (Stories deployed to prod) | I13: =4/24 -> 0.16666667 | J13: (Stories deployed to prod) | K13: =3/10 -> 0.3 | L13: 15 (Stories deployed to prod) | M13: 0.4 | N13: 6 bugs were found.
A14: Utilization | B14: Ocean's Utilization | D14: 68.7 | F14: 69.79 | H14: 82.85 | J14: 74.77 | L14: 90.11
A15: New Solutions
A16: New Solutions | B16: Number of new solutions suggested by Ocean | D16: 1. Suggested Stability AI for implementing Image generation in eCards 2. Sugested and Demostrated Test Rigor. 3. Different Toold for Wcag
A18: Stakeholder Feedback | D18: 🟢Possitive Feedback | F18: 🟢Possitive Feedback | H18: 🟢Possitive Feedback | L18: 3.75

Sheet Ocean
A1: Category | B1: KPI | C1: Applicable | D1: Measure | E1: Remarks | F1: Unit | G1: Benchmark | H1: Target Score | I1: 45839 | K1: 45870 | M1: 45901 | O1: 45931 | Q1: 45962 | S1: 45992 | U1: 46023 | W1: 46054 | Y1: 46082 | AA1: 46113 | AC1: 46143 | AE1: 46174
I2: Remarks | J2: Score | K2: Remarks | L2: Score | M2: Remarks | N2: Score | O2: Remarks | P2: Score | Q2: Remarks | R2: Score | S2: Remarks | T2: Score | U2: Remarks | V2: Score | W2: Remarks | X2: Score | Y2: Remarks | Z2: Score | AA2: Remarks | AB2: Score | AC2: Remarks | AD2: Score | AE2: Remarks | AF2: Score
A3: Project Delivery | B3: Schedule Adherence | C3: Yes | D3: (% of Stories delivered within the committed timeline) | E3: N/A | F3: percentage | G3: 90 | H3: 95 | I3: 19 (Stories delivered to PQA) | J3: 89.47 | K3: 15 (Stories delivered to PQA) | L3: 100 | M3: 16 (Stories delivered to PQA) | N3: 93.75 | O3: 10 (Stories delivered to PQA) | P3: 100 | Q3: 8 (Stories delivered to PQA) | R3: 100 | S3: 3 (Stories delivered to PQA) | T3: 100
B4: Effort Adherence | C4: Yes | D4: (% of Stories delivered within the originally estimated efforts) | E4: N/A | F4: percentage | G4: 90 | H4: 95 | I4: 19 (Stories delivered to PQA) | J4: 89.47 | K4: 15 (Stories delivered to PQA) | L4: 100 | M4: 16 (Stories delivered to PQA) | N4: 81.25 | O4: 10 (Stories delivered to PQA) | P4: 100 | Q4: 8 (Stories delivered to PQA) | R4: 100 | S4: 3 (Stories delivered to PQA) | T4: 100
B5: First Time Right | C5: Yes | D5: (% of work delivered with minimal rework) | E5: N/A | F5: percentage | G5: 90 | H5: 92 | I5: 6 (Stories deployed to production) | J5: 100 | K5: 8 (Stories deployed to production) | L5: 100 | M5: 24 (Stories deployed to production) | N5: 90.625 | O5: 13 (Stories deployed to production) | P5: 97 | Q5: 15 (Stories deployed to production) | R5: 100 | S5: 4 (Stories deployed to production) | T5: 100
A6: Development Efficiency | B6: Effort Throughput | C6: Yes | D6: (Estimated Effort of Stories Delivered to PQA) | E6: N/A | F6: Hours | G6: N/A | H6: N/A | I6: 19 (Stories delivered to PQA) | J6: 740 | K6: 15 (Stories delivered to PQA) | L6: 421 | M6: 16 (Stories delivered to PQA) | N6: 533 | O6: 10 (Stories delivered to PQA) | P6: 110 | Q6: 8 (Stories delivered to PQA) | R6: 554 | S6: 3 (Stories delivered to PQA) | T6: 113
B7: Code Review Compliance | C7: Yes | D7: (Tracks the number of merge commits submitted by developers versus those reviewed and approved) | E7: N/A | F7: percentage | G7: 90 | H7: 95 | I7: 19 (Stories delivered to PQA) | J7: 100 | K7: 15 (Stories delivered to PQA) | L7: 100 | M7: 16 (Stories delivered to PQA) | N7: 100 | O7: 10 (Stories delivered to PQA) | P7: 100 | Q7: 8 (Stories delivered to PQA) | R7: 100 | S7: 3 (Stories delivered to PQA) | T7: 100
A8: Speed of development | B8: Time to Market | C8: No | D8: N/A | E8: N/A | F8: N/A | G8: N/A | H8: N/A | I8: N/A | J8: N/A | K8: N/A | L8: N/A | M8: N/A | N8: N/A | O8: N/A | P8: N/A | Q8: N/A | R8: N/A | S8: N/A | T8: N/A | U8: N/A | V8: N/A | W8: N/A | X8: N/A | Y8: N/A | Z8: N/A | AA8: N/A | AB8: N/A | AC8: N/A | AD8: N/A | AE8: N/A | AF8: N/A
B9: Cycle time to Completion | C9: Yes | D9: (Measures time from development start to completion) | E9: N/A | F9: days | G9: 90 | H9: 90 | I9: 6 (Stories deployed to prod) | J9: 53.8 | K9: 8 (Stories deployed to prod) | L9: 51.5 | M9: 13 (Stories deployed to prod) | N9: 104.3 | O9: 13 (Stories deployed to prod) | P9: 104.3 | Q9: 15 (Stories deployed to prod) | R9: 138 | S9: 4 (Stories deployed to prod) | T9: 39.5
B10: Cycle time to PQA | C10: Yes | D10: (Measures time from development start to PQA readiness) | E10: N/A | F10: days | G10: 30 | H10: 30 | I10: 19 (Stories delivered to PQA) | J10: 46.47 | K10: 15 (Stories delivered to PQA) | L10: 10.87 | M10: 15 (Stories delivered to PQA) | N10: 9.2 | O10: 10 (Stories delivered to PQA) | P10: 9.2 | Q10: 8 (Stories delivered to PQA) | R10: 22.67 | S10: 3 (Stories delivered to PQA) | T10: 16.33
B11: Non-Functional Cycle Time of completion | C11: No | D11: N/A | E11: N/A | F11: N/A | G11: N/A | H11: N/A | I11: N/A | J11: N/A | K11: N/A | L11: N/A | M11: N/A | N11: N/A | O11: N/A | P11: N/A | Q11: N/A | R11: N/A | S11: N/A | T11: N/A | U11: N/A | V11: N/A | W11: N/A | X11: N/A | Y11: N/A | Z11: N/A | AA11: N/A | AB11: N/A | AC11: N/A | AD11: N/A | AE11: N/A | AF11: N/A
A12: Quality of work | B12: Defects per Epic / Story | C12: Yes | D12: (Number of defects per epic or story) | E12: N/A | F12: bug per Epic | G12: 0.5 | H12: 0.5 | I12: 6 (Stories deployed to prod) | J12: 0 | K12: 9 (Stories deployed to prod) | L12: =1/8 -> 0.125 | M12: (Stories deployed to prod) | N12: =4/24 -> 0.16666667 | O12: (Stories deployed to prod) | P12: =3/10 -> 0.3 | Q12: 15 (Stories deployed to prod) | R12: 0.4 | S12: 4 (Stories deployed to prod) | T12: 0
B13: Customer Satisfaction Score | C13: No | D13: N/A | E13: N/A | F13: N/A | G13: N/A | H13: 4 | I13: N/A | J13: N/A | K13: N/A | L13: N/A | M13: N/A | N13: N/A | O13: N/A | P13: N/A | Q13: N/A | R13: 3.75 | S13: N/A | T13: N/A | U13: N/A | V13: N/A | W13: N/A | X13: N/A | Y13: N/A | Z13: N/A | AA13: N/A | AB13: N/A | AC13: N/A | AD13: N/A | AE13: N/A | AF13: N/A
A14: Utilization | B14: Utilization | C14: Yes | D14: Ocean's Utilization | E14: N/A | F14: N/A | G14: 75 | H14: 80 | J14: 68.7 | L14: 69.79 | N14: 82.85 | P14: 74.77 | R14: 90.11 | T14: 82.52
B15: Attrition | C15: No | D15: N/A | E15: N/A | F15: N/A | G15: N/A | H15: N/A | J15: 0 | K15: N/A | L15: 1 | M15: N/A | N15: 1 | O15: 0 | P15: 0 | Q15: 0 | R15: 0 | S15: 0 | T15: 0 | U15: 0 | V15: 0 | W15: 0 | X15: 0 | Y15: 0 | Z15: 0 | AA15: 0 | AB15: 0 | AC15: 0 | AD15: 0 | AE15: 0 | AF15: 0
A16: New Solutions | B16: Number of new solutions/ideas suggested | C16: Yes | D16: Number of new solutions suggested by Ocean | E16: N/A | F16: N/A | G16: N/A | H16: 3 | I16: 1. Suggested Stability AI for implementing Image generation in eCards 2. Sugested and Demostrated Test Rigor. 3. Different Toold for Wcag | J16: 3
B17: Acceptance rate of submitted ideas / proposals | C17: No | D17: N/A | E17: N/A | F17: N/A | G17: N/A | H17: N/A | I17: N/A | J17: N/A | K17: N/A | L17: N/A | M17: N/A | N17: N/A | O17: N/A | P17: N/A | Q17: N/A | R17: N/A | S17: N/A | T17: N/A | U17: N/A | V17: N/A | W17: N/A | X17: N/A | Y17: N/A | Z17: N/A | AA17: N/A | AB17: N/A | AC17: N/A | AD17: N/A | AE17: N/A | AF17: N/A
A18: Stakeholder Feedback | B18: Qualitative Comments / Feedback received during the monthly Retrospective sessions with stakeholders | C18: Yes | D18: N/A | E18: N/A | F18: N/A | G18: N/A | H18: N/A | I18: Possitive Feedback | K18: Possitive Feedback | M18: Possitive Feedback | R18: 0

Sheet Cap-Old
A1: Category of Metric | B1: KPI Metric | C1: Calculation Measure | D1: Inputs | E1: Target Score | F1: Benchmark* | G1: Red / Amber / Green Status | H1: Remarks | J1: Achieved Score
J2: FY26 YTD | K2: July, 2025 | L2: Aug, 2025 | M2: Sep, 2025 | N2: Oct, 2025 | O2: Nov, 2025 | P2: Dec, 2025 | Q2: Jan, 2026 | R2: Feb, 2026 | S2: Mar, 2026 | T2: Apr, 2026 | U2: May, 2026 | V2: June, 2026
A3: Project Delivery Commitment | B3: Schedule Adherence | C3: Tasks delivered as per committed schedule / Tasks delivered | D3: 1. Actual Date = Date when the acceptance ticket is closed 2. Committed Date = Due Date for the Acceptance Ticket | F3: 0.95 | H3: Projects are driven from US, estimate and timelines are prposed by GTS (Alignment betwee US and GTS on Project timelines) | J3: =AVERAGE(K3:O3) -> 98.4 | K3: 98 | L3: 100 | M3: 99 | N3: 99 | O3: 96
B4: Effort Adherence | C4: Tasks delivered as per committed schedule / Tasks delivered | D4: 1. Actual Effort = Actual Effort of each issue ticket corresponding to the Epic that was delivered for PQA 2. Committed Effort = Planned Effort for each issue tickets corresponding to the Epic that was delivered for PQA | F4: 0.95 | J4: =AVERAGE(K4:O4) -> 99.2 | K4: 99 | L4: 98 | M4: 99 | N4: 100 | O4: 100
B5: First Time Right Metric | C5: % of all Prod movements where there were no Severity 1 and Severity 2 defects found in 4 weeks post delivery in Production Environment | D5: 1. CR beyond 40 hours 2. CR Label to have "Reopen" 3. No Critical/High bugs post Product Release | F5: 0.93 | J5: =AVERAGE(K5:O5) -> 99.4 | K5: 99 | L5: 98 | M5: 100 | N5: 100 | O5: 100
A6: Development Efficiency | B6: Sprint Velocity | C6: Total Effort (or) Points of Delivered Stories / Total Effort (or) Points of planned Stories | D6: 1. You need a list of all issues closed during the calendar month. 2.Total efforts from the issues closed/ Total planned effort from all the issues closed | F6: Team-specific; consistency over time is key New Scrum Team 5-10 story points per person Typical Scrum Team 30-50 story points (total team) | J6: =AVERAGE(K6:O6) -> 92.866667 | K6: 92.666667 | L6: 89.333333 | M6: 101 | N6: 92.333333 | O6: 89
B7: Code Review Coverage | C7: Total Code Reviewed by Specialist (preferred) or lead developer / Total Code committed | F7: 70%–90% code coverage is generally considered good. 80% is general standard adopted by organizations | J7: =AVERAGE(K7:O7) -> 97.2 | K7: 100 | L7: 92 | M7: 100 | N7: 97 | O7: 97
A8: Speed of Development | B8: Time to market | C8: Average Days from Requirements identification to market deployment | D8: 1. From Date - Project approved 2. Date of Product release 3. Average of all of them | F8: Varies widely; for software, TTM can range from 6 months to several years depending on complexity' | H8: Template to capture (Project/CRs Identified, approved timestamp, planning started, development initiated, closure) | J8: =AVERAGE(K8:O8) -> 0 | K8: 0 | L8: 0 | M8: 0 | N8: 0 | O8: 0
B9: Cycle Time to completion | C9: Average Days from Development initiation to deployment for feature development / enhancements to PQA | D9: 1. For each, Closed date - Created date 2. Average of all of them | F9: 45-60 days. Important to keep the feature size such that in 2 months turnaround, features are developed and delivered | J9: =AVERAGE(K9:O9) -> 0 | K9: 0 | L9: 0 | M9: 0 | N9: 0 | O9: 0
B10: Non-Functional Cycle Time of completion | C10: Average days from non-functional requirement identification to deployment to production | D10: Specific to product ugprades, patches, etc., 1. For each, closed date - created date 2. Average of all of them | F10: 75-90 days | J10: =AVERAGE(K10:O10) -> 0 | K10: 0 | L10: 0 | M10: 0 | N10: 0 | O10: 0
A11: Quality of work | B11: Customer Satisfaction Score | C11: Average Score from Customer Satisfaction Surveys | D11: Average Customer satisfaction score | F11: 74% - 78% depending on the survey questions and rating scale adopted | J11: =SUM(K11:O11) -> 4.63 | K11: 0 | L11: 0 | M11: 0 | N11: 0 | O11: 4.63
A12: Utilization Efficiency | B12: Resource Utilization | C12: Total number of project hours / Total number of inventory hours | D12: 1. Total Inventory Hours 2. Individual business productivity hours | F12: 0.835 | J12: =AVERAGE(K12:O12) -> 82.56 | K12: 87 | L12: 79 | M12: 83 | N12: 76.8 | O12: 87
B13: Attrition in the team | C13: Number of project associates with lesser than 12 months of experience in the project / Total number of associates in the project | D13: Associates left the organization with the fiscal year | F13: < 15% | J13: =SUM(K13:O13) -> 0.4 | K13: 0 | L13: 0 | M13: 0.4 | N13: 0 | O13: 0
A14: Innovation / Team Proactiveness | B14: New ideas generated to improve the Product | C14: Number of Proposals presented to Product Management team on improvement in Development Process / Features / technology stack | D14: 1. New ideas to improve workflow/feature/process 2. Should be approved by India Business stakeholders | F14: 2 | J14: =AVERAGE(K14:O14) -> 0 | K14: 0 | L14: 0 | M14: 0 | N14: 0 | O14: 0
B15: Acceptance rate of submitted ideas / proposals | C15: Total number of accepted proposals / total number of proposals submitted | D15: Total submitted and Total Approved | F15: 2 | J15: =AVERAGE(K15:O15) -> 0 | K15: 0 | L15: 0 | M15: 0 | N15: 0 | O15: 0
A16: Stakeholder Feedback | B16: Qualitative Comments / Feedback received during the monthly Retrospective sessions with stakeholders | C16: Typical Areas of retrospective 1. Communication effectiveness 2. Quality of Deliverables 3. Quality of clarifications raised during understanding of requirement phase etc.. | D16: Quarterly Feedback during stakeholder connect 1. Feedback consolidated for a year | F16: 4 | J16: =AVERAGE(K16:O16) -> 0 | K16: 0 | L16: 0 | M16: 0 | N16: 0 | O16: 0

Sheet Cap
A1: Category | B1: KPI | C1: Applicable | D1: Measure | E1: Remarks | F1: Unit | G1: Benchmark | H1: Target Score | I1: YTD | J1: 45839 | L1: 45870 | N1: 45901 | P1: 45931 | R1: 45962 | T1: 45992 | V1: 46023 | X1: 46054 | Z1: 46082 | AB1: 46113 | AD1: 46143 | AF1: 46174
I2: YTD | J2: Remarks | K2: Score | L2: Remarks | M2: Score | N2: Remarks | O2: Score | P2: Remarks | Q2: Score | R2: Remarks | S2: Score | T2: Remarks | U2: Score | V2: Remarks | W2: Score | X2: Remarks | Y2: Score | Z2: Remarks | AA2: Score | AB2: Remarks | AC2: Score | AD2: Remarks | AE2: Score | AF2: Remarks | AG2: Score
A3: Project Delivery | B3: Schedule Adherence | C3: Yes | D3: Tasks delivered as per committed schedule/Tasks delivered | E3: 1. Actual Date = Date when the acceptance ticket is closed 2. Committed Date = Due Date for the Acceptance Ticket | G3: 90 | H3: 95 | I3: =AVERAGE(K3:U3) -> 98.5 | K3: 98 | M3: 100 | O3: 99 | Q3: 99 | S3: 96 | U3: 99
B4: Effort Adherence | C4: Yes | D4: Tasks delivered as per committed schedule/Tasks delivered | E4: 1. Actual Effort = Actual Effort of each issue ticket corresponding to the Epic that was delivered for PQA 2. Committed Effort = Planned Effort for each issue tickets corresponding to the Epic that was delivered for PQA | G4: 90 | H4: 95 | I4: =AVERAGE(K4:U4) -> 98.833333 | K4: 99 | M4: 98 | O4: 99 | Q4: 100 | S4: 100 | U4: 97
B5: First Time Right | C5: Yes | D5: % of all Prod movements where there were no Severity 1 and Severity 2 defects found in 4 weeks post delivery in Production Environment | E5: 1. CR beyond 40 hours 2. CR Label to have "Reopen" 3. No Critical/High bugs post Product Release | G5: 90 | H5: 92 | I5: =AVERAGE(K5:U5) -> 99.833333 | K5: 99 | M5: 100 | O5: 100 | Q5: 100 | S5: 100 | U5: 100
A6: Development Efficiency | B6: Sprint Velocity | C6: Yes | D6: Total Effort (or) Points of Delivered Stories / Total Effort (or) Points of planned Stories | E6: 1. You need a list of all issues closed during the calendar month. 2.Total efforts from the issues closed/ Total planned effort from all the issues closed | G6: Team-specific; consistency over time is key New Scrum Team 5-10 story points per person Typical Scrum Team 30-50 story points (total team) | H6: 90 | I6: =AVERAGE(K6:U6) -> 84.166667 | K6: 89 | M6: 75 | O6: 88 | Q6: 88 | S6: 89 | U6: 76
B7: Code Review Coverage | C7: Yes | D7: Total Code Reviewed by Specialist (preferred) or lead developer / Total Code committed | E7: N/A | G7: 70%–90% code coverage is generally considered good. 80% is general standard adopted by organizations | H7: 95 | I7: =AVERAGE(K7:U7) -> 97.666667 | K7: 100 | M7: 92 | O7: 100 | Q7: 97 | S7: 97 | U7: 100
A8: Speed of development | B8: Time to market | C8: Yes | D8: Average Days from Requirements identification to market deployment | E8: 1. From Date - Project approved 2. Date of Product release 3. Average of all of them | G8: Varies widely; for software, TTM can range from 6 months to several years depending on complexity' | H8: N/A | I8: =AVERAGE(K8:U8) -> 0 | K8: 0 | M8: 0 | O8: 0 | Q8: 0 | S8: 0 | U8: 0
B9: Cycle time to Completion | C9: Yes | D9: Average Days from Development initiation to deployment for feature development / enhancements to PQA | E9: 1. For each, Closed date - Created date 2. Average of all of them | G9: 45-60 days. Important to keep the feature size such that in 2 months turnaround, features are developed and delivered | H9: N/A | I9: =AVERAGE(K9:U9) -> 0 | K9: 0 | M9: 0 | O9: 0 | Q9: 0 | S9: 0 | U9: 0
B10: Non-Functional Cycle Time of completion | C10: Yes | D10: Average days from non-functional requirement identification to deployment to production | E10: Specific to product ugprades, patches, etc., 1. For each, closed date - created date 2. Average of all of them | G10: 75-90 days | H10: N/A | I10: =AVERAGE(K10:U10) -> 0 | K10: 0 | M10: 0 | O10: 0 | Q10: 0 | S10: 0 | U10: 0
B11: Cycle time to PQA | C11: No | D11: N/A | E11: N/A | F11: N/A | G11: N/A | H11: N/A | K11: N/A | M11: N/A | O11: N/A | Q11: N/A | S11: N/A | U11: N/A | W11: N/A | Y11: N/A | AA11: N/A | AC11: N/A | AE11: N/A | AG11: N/A
A12: Quality of work | B12: Defects per Epic / Story | C12: No | D12: N/A | E12: N/A | F12: N/A | G12: N/A | H12: N/A | K12: N/A | M12: N/A | O12: N/A | Q12: N/A | S12: N/A | U12: N/A | W12: N/A | Y12: N/A | AA12: N/A | AC12: N/A | AE12: N/A | AG12: N/A
B13: Customer Satisfaction Score | C13: Yes | D13: Average Score from Customer Satisfaction Surveys | E13: 74% - 78% depending on the survey questions and rating scale adopted | G13: 74% - 78% depending on the survey questions and rating scale adopted | H13: 4 | I13: =AVERAGE(K13:U13) -> 0.926 | K13: 0 | M13: 0 | O13: 0 | Q13: 0 | S13: 4.63
A14: Utilization | B14: Utilization | C14: Yes | D14: Total number of project hours / Total number of inventory hours | E14: 1. Total Inventory Hours 2. Individual business productivity hours | G14: 0.75 | H14: 0.835 | I14: =AVERAGE(K14:U14) -> 81.645 | K14: 90.85 | M14: 83.09 | O14: 85.87 | Q14: 73.27 | S14: 83.32 | U14: 73.47
B15: Attrition | C15: Yes | D15: Number of project associates with lesser than 12 months of experience in the project / Total number of associates in the project | E15: Associates left the organization with the fiscal year | G15: < 15% | I15: =SUM(K15:S15) -> 4 | K15: 0 | M15: 0 | O15: 4 | Q15: 0 | S15: 0
A16: Innovation / Team Proactiveness | B16: Number of new solutions/ideas suggested | C16: Yes | D16: Number of new solutions suggested by Ocean | E16: 1. New ideas to improve workflow/feature/process 2. Should be approved by India Business stakeholders | G16: 2 | H16: 3 | I16: =SUM(K16:S16) -> 0 | K16: 0 | M16: 0 | O16: 0 | Q16: 0 | S16: 0
B17: Acceptance rate of submitted ideas / proposals | C17: Yes | D17: Total number of accepted proposals / total number of proposals submitted | E17: Total submitted and Total Approved | G17: 2 | H17: 2 | I17: =SUM(K17:S17) -> 0 | K17: 0 | M17: 0 | O17: 0 | Q17: 0 | S17: 0
A18: Stakeholder Feedback | B18: Qualitative Comments / Feedback received during the monthly Retrospective sessions with stakeholders | C18: Yes | D18: Typical Areas of retrospective 1. Communication effectiveness 2. Quality of Deliverables 3. Quality of clarifications raised during understanding of requirement phase etc.. | E18: Quarterly Feedback during stakeholder connect 1. Feedback consolidated for a year | G18: 4 | I18: =SUM(K18:S18) -> 0 | K18: 0 | M18: 0 | O18: 0 | Q18: 0 | S18: 0

Sheet Phoenix-Old
A1: Category of Metric | B1: KPI Metric | C1: Calculation Measure | D1: Inputs | E1: Target Score | F1: Benchmark* | G1: Red / Amber / Green Status | H1: Remarks | I1: Achieved Score
I2: FY26 YTD | J2: July, 2025 | K2: Aug, 2025 | L2: Sep, 2025 | M2: Oct, 2025 | N2: Nov, 2025 | O2: Dec, 2025 | P2: Jan, 2026 | Q2: Feb, 2026 | R2: Mar, 2026 | S2: Apr, 2026 | T2: May, 2026 | U2: June, 2026
A3: Project Delivery Commitment | B3: Schedule Adherence | C3: Total Epics (or) Stories delivered as per committed schedule / Total Epics (or) stories delivered | D3: 1. You need a list of all stories updated during the calendar month 2. 'type = acceptance' to derive the epics that is delivered for PQA 3. Distrinct (epic_iids) with type=acceptance and the epic_iid is not yet closed indicates the total number of epics delivered for PQA 4. Actual Date = Date when the acceptance ticket is closed 5. Committed Date = Due Date for the Acceptance Ticket | E3: 0.95 | F3: 95% + | G3: GREEN | I3: =AVERAGE(J3:N3) -> 100 | J3: 100 | K3: 100 | L3: 100 | M3: 100 | N3: 100
B4: Effort Adherence | C4: Total Epics (or) Stories delivered as per committed Effort / Total Epics (or) stories delivered | D4: 1. You need a list of all stories updated during the calendar month 2. 'type = acceptance' to derive the epics that is delivered for PQA 3. Distrinct (epic_iids) with type=acceptance and the epic_iid is not yet closed indicates the total number of epics delivered for PQA 4. Actual Effort = Actual Effort of each issue ticket corresponding to the Epic that was delivered for PQA 5. Committed Effort = Planned Effort for each issue tickets corresponding to the Epic that was delivered for PQA | E4: 0.95 | F4: 90% - 95% | G4: AMBER | I4: =AVERAGE(J4:N4) -> 93 | J4: 93 | K4: 94 | L4: 89 | M4: 96 | N4: 93
B5: First Time Right Metric | C5: % of all PPRD / Prod movements where there were no Severity 1 and Severity 2 defects found in 4 weeks post delivery in PPRD or Prod | D5: 1. EL = Story that is also completed alone is considered 2. Epic_iid = (1) and then type = Bug, find the actual effort spent 3. Epic_iid = (1) and then Type != Bug, find the total effort spent 4. FTR = 1 - {(2)/(3)} | E5: 0.95 | F5: 90% - 95% | G5: GREEN | I5: =AVERAGE(J5:N5) -> 100 | J5: 100 | K5: 100 | L5: 100 | M5: 100 | N5: 100
A6: Development Efficiency | B6: Sprint Velocity | C6: Total Effort (or) Points of Delivered Stories / Total Effort (or) Points of planned Stories | D6: 1. You need a list of all issues closed during the calendar month. 2.Total efforts from the issues closed/ Total planned effort from all the issues closed | E6: 0.9 | F6: Team-specific; consistency over time is key New Scrum Team 5-10 story points per person Typical Scrum Team 30-50 story points (total team) | G6: GREEN | I6: =AVERAGE(J6:N6) -> 112 | J6: 95 | K6: 133 | L6: 115 | M6: 105 | N6: 112
B7: Code Review Coverage | C7: Total Code Reviewed by Specialist (preferred) or lead developer / Total Code committed | D7: Code Review and Merge is calculated git lab MR review process | E7: 0.98 | F7: 70%–90% code coverage is generally considered good. 80% is general standard adopted by organizations | G7: GREEN | I7: =AVERAGE(J7:N7) -> 100 | J7: 100 | K7: 100 | L7: 100 | M7: 100 | N7: 100
A8: Speed of Development | B8: Time to market | C8: Time to market | D8: 1. You need a list of all stories closed during the calendar month 2. 'type = acceptance' to derive the epics that is delivered for PQA 3. For each, Epic's Closed date - Created date 4. Average of all of them | E8: TBD | F8: Varies widely; for software, TTM can range from 6 months to several years depending on complexity' | G8: GREEN | H8: Current GIT Tickets have age greated than 1 year and are being prioritized based on business needs. Need to discuss with Roshni on it | I8: =AVERAGE(J8:N8) -> 83.2 | J8: 73 | K8: 99 | L8: 103 | M8: 46 | N8: 95
A9: Quality of Work | B9: Defect Leakage | C9: Total Defects post-release to PQA/PROD / Total number of Epics / Stories delivered | D9: 1. List of all the issues with type ="bug" closed in given month where author =Andy 2. List of all the issues with type ="bug" closed in given month where author =Andy + List of all the issues with type ="bug" closed in given month where author =Suganya 3. Calculate {1}/{2} | E9: 0.1 | F9: 5% - 10% are considered good benchmarks | I9: =AVERAGE(J9:M9) -> #DIV/0!
B10: Customer Satisfaction Score | C10: Average Score from Customer Satisfaction Surveys | D10: Average Customer satisfaction score | E10: TBD | F10: 74% - 78% depending on the survey questions and rating scale adopted | G10: NA | I10: =AVERAGE(J10:N10) -> 0 | J10: 0 | K10: 0 | L10: 0 | M10: 0 | N10: 0
A11: Utilization Efficiency | B11: Resource Utilization | C11: Total number of project hours / Total number of inventory hours | E11: 0.78 | F11: 65% -75% | G11: AMBER | I11: =AVERAGE(J11:N11) -> 75.4 | J11: 87 | K11: 77 | L11: 72 | M11: 61 | N11: 80
B12: Attrition in the team | C12: Number of project associates with lesser than 12 months of experience in the project / Total number of associates in the project | E12: 0.1 | F12: < 15% | G12: GREEN | H12: No Attrition | I12: =AVERAGE(J12:N12) -> 0 | J12: 0 | K12: 0 | L12: 0 | M12: 0 | N12: 0
A13: Innovation / Team Proactiveness | B13: New ideas generated to improve the Product | C13: Number of Proposals presented to Product Management team on improvement in Development Process / Features / technology stack | E13: 4 | F13: 1 per quarter | G13: GREEN | H13: A total of 8 innovative ideas have been identified, focusing on automation, AI-driven intelligence, and system reliability.(Refer Ideas Sheet) | I13: =AVERAGE(J13:N13) -> 1.6 | J13: 3 | K13: 3 | L13: 2 | M13: 0 | N13: 0
B14: Acceptance rate of submitted ideas / proposals | C14: Total number of accepted proposals / total number of proposals submitted | E14: 1 | F14: Atleast 1 accepted in the year | I14: =AVERAGE(J14:N14) -> 0 | J14: 0 | K14: 0 | L14: 0 | M14: 0 | N14: 0
A15: Stakeholder Feedback | B15: Qualitative Comments / Feedback received during the monthly Retrospective sessions with stakeholders | C15: Typical Areas of retrospective 1. Communication effectiveness 2. Quality of Deliverables 3. Quality of clarifications raised during understanding of requirement phase etc.. | H15: To be fillded based on Product Retrospective based on live Phoenix Onboarding from Delivery Team | I15: =AVERAGE(J15:N15) -> 0.8 | J15: 0 | K15: 0 | L15: 0 | M15: 0 | N15: 4

Sheet Phoenix
A1: Category | B1: KPI | C1: Applicable | D1: Measure | E1: Remarks | F1: Unit | G1: Benchmark | H1: Target Score | J1: 45839 | L1: 45870 | N1: 45901 | P1: 45931 | R1: 45962 | T1: 45992 | V1: 46023 | X1: 46054 | Z1: 46082 | AB1: 46113 | AD1: 46143 | AF1: 46174
I2: YTD | J2: Remarks | K2: Score | L2: Remarks | M2: Score | N2: Remarks | O2: Score | P2: Remarks | Q2: Score | R2: Remarks | S2: Score | T2: Remarks | U2: Score | V2: Remarks | W2: Score | X2: Remarks | Y2: Score | Z2: Remarks | AA2: Score | AB2: Remarks | AC2: Score | AD2: Remarks | AE2: Score | AF2: Remarks | AG2: Score
A3: Project Delivery | B3: Schedule Adherence | C3: Yes | D3: Total Epics (or) Stories delivered as per committed schedule / Total Epics (or) stories delivered | E3: 1. You need a list of all stories updated during the calendar month 2. 'type = acceptance' to derive the epics that is delivered for PQA 3. Distrinct (epic_iids) with type=acceptance and the epic_iid is not yet closed indicates the total number of epics delivered for PQA 4. Actual Date = Date when the acceptance ticket is closed 5. Committed Date = Due Date for the Acceptance Ticket | G3: 0.9 | H3: 95 | I3: =AVERAGEIF(K3:AA3,"<>0",K3:U3) -> 100 | K3: 100 | M3: 100 | O3: 100 | Q3: 100 | S3: 100 | U3: 100 | W3: 100 | Y3: 100 | AA3: 100 | AC3: 100 | AE3: 100
B4: Effort Adherence | C4: Yes | D4: Total Epics (or) Stories delivered as per committed Effort / Total Epics (or) stories delivered | E4: 1. You need a list of all stories updated during the calendar month 2. 'type = acceptance' to derive the epics that is delivered for PQA 3. Distrinct (epic_iids) with type=acceptance and the epic_iid is not yet closed indicates the total number of epics delivered for PQA 4. Actual Effort = Actual Effort of each issue ticket corresponding to the Epic that was delivered for PQA 5. Committed Effort = Planned Effort for each issue tickets corresponding to the Epic that was delivered for PQA | G4: 0.9 | H4: 95 | I4: =AVERAGEIF(K4:AE4,"<>0",K4:U4) -> 95.090909 | K4: 93 | M4: 94 | O4: 89 | Q4: 96 | S4: 93 | U4: 96 | W4: 93 | Y4: 96 | AA4: 98 | AC4: 100 | AE4: 98
B5: First Time Right | C5: Yes | D5: % of all PPRD / Prod movements where there were no Severity 1 and Severity 2 defects found in 4 weeks post delivery in PPRD or Prod | E5: 1. EL = Story that is also completed alone is considered 2. Epic_iid = (1) and then type = Bug, find the actual effort spent 3. Epic_iid = (1) and then Type != Bug, find the total effort spent 4. FTR = 1 - {(2)/(3)} | G5: 0.9 | H5: 92 | I5: =AVERAGEIF(K5:AA5,"<>0",K5:U5) -> 100 | K5: 100 | M5: 100 | O5: 100 | Q5: 100 | S5: 100 | U5: 100 | W5: 100 | Y5: 100 | AA5: 100 | AC5: 100 | AE5: 100
A6: Development Efficiency | B6: Effort Throughput | C6: Yes | D6: Total Effort (or) Points of Delivered Stories / Total Effort (or) Points of planned Stories | E6: 1. You need a list of all issues closed during the calendar month. 2.Total efforts from the issues closed/ Total planned effort from all the issues closed | I6: =AVERAGEIF(K6:AE6,"<>0",K6:U6) -> 120.45455 | K6: 95 | M6: 133 | O6: 115 | Q6: 105 | S6: 112 | U6: 113 | W6: 109 | Y6: 115 | AA6: 162 | AC6: 155 | AE6: 111
B7: Code Review Compliance | C7: Yes | D7: Total Code Reviewed by Specialist (preferred) or lead developer / Total Code committed | E7: Code Review and Merge is calculated git lab MR review process | G7: 90 | H7: 95 | I7: =AVERAGEIF(K7:AE7,"<>0",K7:U7) -> 100 | K7: 100 | M7: 100 | O7: 100 | Q7: 100 | S7: 100 | U7: 100 | W7: 100 | Y7: 100 | AA7: 100 | AC7: 100 | AE7: 100
A8: Speed of development | B8: Time to market | C8: Yes | D8: Time to market | E8: 1. You need a list of all stories closed during the calendar month 2. 'type = acceptance' to derive the epics that is delivered for PQA 3. For each, Epic's Closed date - Created date 4. Average of all of them | G8: N/A | H8: N/A | I8: =AVERAGEIF(K8:AE8,"<>0",K8:U8) -> 83.2 | K8: 73 | M8: 99 | O8: 103 | Q8: 46 | S8: 95 | U8: 0 | W8: 0 | Y8: 0 | AA8: 0 | AC8: 0 | AE8: 0
B9: Cycle time to Completion | C9: No
B10: Non-Functional Cycle Time of completion | C10: No
B11: Cycle time to PQA | C11: No
A12: Quality of work | B12: Defects per Epic / Story | C12: No
B13: Customer Satisfaction Score | C13: Yes | D13: Average Score from Customer Satisfaction Surveys | E13: Average Customer satisfaction score | G13: 4 | H13: 4 | I13: =SUM(K13:AG13) -> 4 | K13: 0 | M13: 0 | O13: 0 | Q13: 0 | S13: 4 | U13: 0 | W13: 0 | Y13: 0 | AA13: 0 | AC13: 0 | AE13: 0
A14: Utilization | B14: Utilization | C14: Yes | D14: Total number of project hours / Total number of inventory hours | E14: N/A | G14: 0.75 | H14: 78 | I14: =AVERAGEIF(K14:AG14,"<>0",K14:U14) -> 76.923636 | K14: 87 | M14: 77 | O14: 72 | Q14: 61 | S14: 80 | U14: 72 | W14: 66.37 | Y14: 80.64 | AA14: 83.73 | AC14: 80.42 | AE14: 86
B15: Attrition | C15: Yes | D15: Number of project associates with lesser than 12 months of experience in the project / Total number of associates in the project | E15: N/A | G15: <15% | H15: <10% | I15: =SUM(K15:U15) -> 0 | K15: 0 | M15: 0 | O15: 0 | Q15: 0 | S15: 0 | T15: 0 | U15: 0 | V15: 0 | W15: 0 | X15: 0 | Y15: 0 | AA15: 0 | AC15: 0 | AE15: 0
A16: Innovation / Team Proactiveness | B16: Number of new solutions/ideas suggested | C16: Yes | D16: Number of Proposals presented to Product Management team on improvement in Development Process / Features / technology stack | E16: N/A | G16: 2 | H16: 3 | I16: =SUM(K16:AG16) -> 8 | K16: 3 | M16: 3 | O16: 2 | Q16: 0 | S16: 0 | T16: 0 | U16: 0 | V16: 0 | W16: 0 | X16: 0 | Y16: 0 | AA16: 0 | AC16: 0 | AE16: 0
B17: Acceptance rate of submitted ideas / proposals | C17: Yes | D17: Total number of accepted proposals / total number of proposals submitted | E17: N/A | G17: 2 | H17: 3 | I17: =SUM(K17:U17) -> 0 | K17: 0 | M17: 0 | O17: 0 | Q17: 0 | S17: 0 | T17: 0 | U17: 0 | V17: 0 | W17: 0 | X17: 0 | Y17: 0 | AA17: 0 | AC17: 0 | AE17: 0
A18: Stakeholder Feedback | B18: Qualitative Comments / Feedback received during the monthly Retrospective sessions with stakeholders | C18: Yes | D18: Typical Areas of retrospective 1. Communication effectiveness 2. Quality of Deliverables 3. Quality of clarifications raised during understanding of requirement phase etc.. | E18: N/A | I18: =SUM(K18:U18) -> 0 | K18: 0 | M18: 0 | O18: 0 | Q18: 0 | S18: 0 | T18: 0 | U18: 0 | V18: 0 | W18: 0 | X18: 0 | Y18: 0 | Z18: 0 | AA18: 0 | AC18: 0 | AE18: 0

Sheet Custom
A1: Category | B1: Key Performance Indicator | C1: unit | D1: KPI
D2: 45839 | F2: 45870 | H2: 45901 | J2: 45955 | L2: 45986 | N2: 46016
D3: Issue Ticket Details | E3: Performance Result | F3: Issue Ticket Details | G3: Performance Result | H3: Issue Ticket Details | I3: Performance Result | J3: Issue Ticket Details | K3: Performance Result | L3: Issue Ticket Details | M3: Performance Result | N3: Issue Ticket Details | O3: Performance Result
A4: Product Delivery (US Delivery / India International Delivery) | B4: Schedule Adherence ( Tickets Delivered on the planned scheduled date and time ) | C4: percentage | D4: 40 | E4: 95 | F4: 59 | G4: 100 | H4: 48 | I4: 97 | J4: 51 | K4: 100 | L4: 39 | M4: 97 | N4: 44 | O4: 100
B7: Effort Adherence ( Tickets Delivered on the planned estimated time ) | C7: percentage | D7: 40 | E7: 97.5 | F7: 59 | G7: 100 | H7: 48 | I7: 97 | J7: 51 | K7: 100 | L7: 39 | M7: 97 | N7: 44 | O7: 100
A8: Development Efficiency | B8: First Time Right ( Tickets Deliverered with the High Quality with first time delivery right ) | C8: percentage | D8: 40 | E8: 92.5 | F8: 59 | G8: 98.3 | H8: 48 | I8: 97 | J8: 51 | K8: 100 | L8: 39 | M8: 94 | N8: 44 | O8: 97
A9: Utilization | B9: Custom Delivery Utilization | E9: 59.44 | G9: 30.21 | I9: 37.5 | K9: 36.96 | M9: 43.75 | O9: 56.94
A10: New Solutions
A11: New Solutions | B11: Number of new solutions suggested by Shared Service

Sheet Intelsuite
A1: Category of Metric | B1: KPI Metric | C1: Calculation Measure | D1: Measure | E1: Target Score | F1: Benchmark* | G1: Red / Amber / Green Status | H1: Remarks | I1: Achieved Score
I2: FY26 YTD | J2: July, 2025 | K2: Aug, 2025 | L2: Sep, 2025 | M2: Oct, 2025 | N2: Nov, 2025 | O2: Dec, 2025 | P2: Jan, 2026 | Q2: Feb, 2026 | R2: Mar, 2026 | S2: Apr, 2026 | T2: May, 2026 | U2: June, 2026
A3: Project Delivery Commitment | B3: Feature Completion Rate | C3: Total Features delivered in the quarter / Total Features committed in the quarter × 100 | D3: % | E3: 0.9 | F3: 90%+ | I3: =AVERAGEIFS(J3:O3,J3:O3,"<>0") -> 70.5 | J3: 75 | K3: 75 | L3: 75 | M3: 66 | N3: 66 | O3: 66
B4: Schedule Adherence | C4: Total Epics (or) Stories delivered as per committed schedule / Total Epics (or) stories delivered | D4: % | E4: 0.95 | F4: 95% + | I4: =AVERAGEIFS(J4:O4,J4:O4,"<>0") -> 91.166667 | J4: 100 | K4: 95 | L4: 85 | M4: 88 | N4: 88 | O4: 91
B5: Effort Adherence | C5: Total Epics (or) Stories delivered as per committed Effort / Total Epics (or) stories delivered | D5: % | E5: 0.95 | F5: 90% - 95% | I5: =AVERAGEIFS(J5:O5,J5:O5,"<>0") -> 93.333333 | J5: 94 | K5: 95 | L5: 100 | M5: 88 | N5: 88 | O5: 95
A6: Development Efficiency | B6: Pipeline Success Rate | C6: Successful runs / Total scheduled pipeline runs | D6: % | E6: ≥95% | F6: 95%+ | I6: =AVERAGEIFS(J6:O6,J6:O6,"<>0") -> 96.5 | J6: 94 | K6: 93 | L6: 99 | M6: 98 | N6: 97 | O6: 98
A7: Quality of work | B7: Platform Data Availability Rate | C7: (Total Uptime of Gold Layer Data / Total Scheduled Uptime Window) × 100 | D7: % | E7: ≥ 99.5% | F7: 99.5% – 99.9% | I7: =AVERAGEIFS(J7:O7,J7:O7,"<>0") -> 99.5 | J7: 100 | K7: 97 | L7: 100 | M7: 100 | N7: 100 | O7: 100
B8: Data Quality Score | C8: % of records passing validation rules for Data Completeness and Data Accuracy | D8: % | E8: 0.99 | F8: Ensures confidence in insights | I8: =AVERAGEIFS(J8:O8,J8:O8,"<>0") -> 99.666667 | J8: 100 | K8: 100 | L8: 100 | M8: 98 | N8: 100 | O8: 100
B9: Model Accuracy | C9: Accuracy metric (e.g., F1, AUC, RMSE) based on business context | D9: % | E9: >85% | F9: >90% | I9: =AVERAGEIFS(J9:O9,J9:O9,"<>0") -> 85 | J9: TBD | K9: TBD | L9: TBD | M9: TBD | N9: 85 | O9: 85
B10: Model Drift Detection | C10: % of models monitored for drift monthly | D10: % | E10: 1 | F10: 1 | I10: =IFERROR(AVERAGE(J10:O10),0) -> 0 | J10: TBD | K10: TBD | L10: TBD | M10: TBD | N10: TBD
A11: Innovation / Team Proactiveness | B11: New ideas generated to improve the platform | C11: Number of Proposals presented to the Product team on improvement in Development Process / Features / Technology stack | D11: Count | E11: ≥ 4 proposals/year | F11: Aligned with business value | I11: =SUM(J11:O11) -> 3 | K11: 1 | L11: 1 | M11: 1
B12: Acceptance rate of submitted ideas / proposals | C12: Total number of accepted proposals / total number of proposals submitted | D12: % | E12: >= 20% | F12: 20–40% optimal | I12: =SUM(J12:O12) -> 3 | K12: 1 | L12: 1 | M12: 1
A13: Stakeholder Feedback | B13: Qualitative Comments / Feedback received during the monthly Retrospective sessions with stakeholders | C13: Typical Areas of retrospective 1. Communication effectiveness 2. Quality of Deliverables 3. Quality of clarifications raised during understanding of requirement phase etc.. | D13: Count | E13: ≥ 4.0 | F13: Avg. score (1–5) on communication, deliverables, clarity | I13: =SUM(J13:O13) -> 3.75 | N13: 3.75

Sheet Tsgeast
A1: Category of Metric | B1: KPI Metric | C1: Calculation Measure | D1: Target Score | E1: Benchmark* | F1: Red / Amber / Green Status | G1: Remarks | H1: Achieved Score
H2: FY26 YTD | I2: July, 2025 | J2: Aug, 2025 | K2: Sep, 2025 | L2: Oct, 2025 | M2: Nov, 2025 | N2: Dec, 2025 | O2: Jan, 2026 | P2: Feb, 2026 | Q2: Mar, 2026 | R2: Apr, 2026 | S2: May, 2026 | T2: June, 2026
A3: Project Delivery Commitment | B3: Schedule Adherence | C3: Total Epics (or) Stories delivered as per committed schedule / Total Epics (or) stories delivered | E3: 95% + | H3: =AVERAGE(I3:N3) -> 96.666667 | I3: 100 | J3: 96 | K3: 92 | L3: 92 | M3: 100 | N3: 100
B4: Effort Adherence | C4: Total Epics (or) Stories delivered as per committed Effort / Total Epics (or) stories delivered | E4: 90% - 95% | H4: =AVERAGE(I4:N4) -> 92.5 | I4: 90 | J4: 96 | K4: 96 | L4: 92 | M4: 88 | N4: 93
B5: First Time Right Metric | C5: % of all PPRD / Prod movements where there were no Severity 1 and Severity 2 defects found in 4 weeks post delivery in PPRD or Prod | E5: 90% - 95% | H5: =AVERAGE(I5:N5) -> 100 | I5: 100 | J5: 100 | K5: 100 | L5: 100 | M5: 100 | N5: 100
A6: Development Efficiency | B6: Code Review Coverage | C6: Total Code Reviewed by Specialist or lead developer / Total Code committed | E6: 70%–90% code coverage is generally considered good. 80% is general standard adopted by organizations | H6: =AVERAGE(I6:N6) -> 100 | I6: 100 | J6: 100 | K6: 100 | L6: 100 | M6: 100 | N6: 100
A7: Quality of Work | B7: Customer Satisfaction Score | C7: Average Score from Customer Satisfaction Surveys | E7: 74% - 78% depending on the survey questions and rating scale adopted | H7: =IFERROR(AVERAGE(I7:M7),0) -> 0 | I7: TBD | J7: TBD | K7: TBD | L7: TBD | M7: TBD | N7: TBD
A8: Innovation / Team Proactiveness | B8: New ideas generated to improve the Product | C8: Number of Proposals presented to Product Management team on improvement in Development Process / Features / technology stack | H8: =SUM(I8:N8) -> 1 | J8: 1
B9: Acceptance rate of submitted ideas / proposals | C9: Total number of accepted proposals / total number of proposals submitted | H9: =SUM(I9:N9) -> 1 | J9: 1
A10: Stakeholder Feedback | B10: Qualitative Comments / Feedback received during the monthly Retrospective sessions with stakeholders | C10: Typical Areas of retrospective 1. Communication effectiveness 2. Quality of Deliverables 3. Quality of clarifications raised during understanding of requirement phase etc.. | H10: =AVERAGE(I10:N10) -> 3.75 | M10: 3.75

Sheet Data
B3: Project | C3: Total Issues/Features | D3: Schedule Adherence % | E3: Effort Adherence % | F3: Quality Score
B4: Jul | C4: 17 | D4: 1 | E4: 0.88235294 | F4: 1
B5: Aug | C5: 24 | D5: 0.95833333 | E5: 0.91666667 | F5: 1
B6: Sep | C6: 18 | D6: 0.94444444 | E6: 1 | F6: 1
B7: Grand Total | C7: 59 | D7: 0.96610169 | E7: 0.93220339 | F7: 1
B9: Project | C9: Total Issues/Features | D9: Schedule Adherence % | E9: Effort Adherence % | F9: Quality Score
B10: Jul | C10: 17 | D10: 100 | E10: 88.235294 | F10: 100
B11: Aug | C11: 24 | D11: 95.833333 | E11: 91.666667 | F11: 100
B12: Sep | C12: 18 | D12: 94.444444 | E12: 100 | F12: 100
B13: Grand Total | C13: 59 | D13: 96.610169 | E13: 93.220339 | F13: 100
B15: Oct 2025 | C15: Issue/Feature Handled | D15: Schedule Adherence % | E15: Effort Adherence % | F15: Quality Score
B16: carrier-bryant | C16: 3 | D16: 1 | E16: 1 | F16: 1
B17: Coke - Distributor Leads | C17: 2 | D17: 1 | E17: 1 | F17: 1
B18: cost-system | C18: 3 | D18: 0.66666667 | E18: 1 | F18: 1
B19: Goodman | C19: 3 | D19: 1 | E19: 0.66666667 | F19: 1
B20: Marketing Database | C20: 1 | D20: 1 | E20: 1 | F20: 1
B21: Grand Total | C21: 12 | D21: 92 | E21: 91.66 | F21: 100
